Admin2,state,9/30/20,10/31/20,POPESTIMATE2019
Aleutians East,alaska,0,0,3337.0
Aleutians West,alaska,0,0,5634.0
Anchorage,alaska,35,50,288000.0
Bethel,alaska,1,1,18386.0
Bristol Bay,alaska,0,0,836.0
Bristol Bay plus Lake and Peninsula,alaska,0,0,1592.0
Denali,alaska,0,0,2097.0
Dillingham,alaska,0,0,4916.0
Fairbanks North Star,alaska,11,15,96849.0
Haines,alaska,0,0,2530.0
Hoonah-Angoon,alaska,0,0,2148.0
Juneau,alaska,1,3,31974.0
Kenai Peninsula,alaska,3,4,58708.0
Ketchikan Gateway,alaska,0,0,13901.0
Kodiak Island,alaska,0,0,12998.0
Kusilvak,alaska,0,0,8314.0
Matanuska-Susitna,alaska,2,3,108317.0
Nome,alaska,0,0,10004.0
North Slope,alaska,0,0,9832.0
Northwest Arctic,alaska,0,0,7621.0
Out of AK,alaska,0,0,
Petersburg,alaska,1,1,3266.0
Prince of Wales-Hyder,alaska,0,1,6203.0
Sitka,alaska,0,0,8493.0
Skagway,alaska,0,0,1183.0
Southeast Fairbanks,alaska,0,1,6893.0
Unassigned,alaska,0,0,
Valdez-Cordova,alaska,0,1,9202.0
Wrangell,alaska,0,0,2502.0
Yakutat,alaska,0,0,579.0
Yukon-Koyukuk,alaska,2,2,5230.0
Apache,arizona,165,171,71887.0
Cochise,arizona,72,75,125922.0
Coconino,arizona,144,149,143476.0
Gila,arizona,56,72,54018.0
Graham,arizona,25,29,38837.0
Greenlee,arizona,1,1,9498.0
La Paz,arizona,15,17,21108.0
Maricopa,arizona,3392,3606,4485414.0
Mohave,arizona,226,234,212181.0
Navajo,arizona,235,241,110924.0
Out of AZ,arizona,0,0,
Pima,arizona,620,641,1047279.0
Pinal,arizona,208,228,462789.0
Santa Cruz,arizona,63,65,46498.0
Unassigned,arizona,1,1,
Yavapai,arizona,82,91,235099.0
Yuma,arizona,345,358,213787.0
Alachua,florida,60,76,269043.0
Baker,florida,13,23,29210.0
Bay,florida,108,134,174705.0
Bradford,florida,9,15,28201.0
Brevard,florida,298,375,601942.0
Broward,florida,1396,1523,1952778.0
Calhoun,florida,11,14,14105.0
Charlotte,florida,136,159,188910.0
Citrus,florida,106,135,149657.0
Clay,florida,100,127,219252.0
Collier,florida,221,256,384902.0
Columbia,florida,58,79,71686.0
DeSoto,florida,25,29,38001.0
Dixie,florida,9,11,16826.0
Duval,florida,394,523,957755.0
Escambia,florida,235,272,318316.0
Flagler,florida,27,39,115081.0
Franklin,florida,4,4,12125.0
Gadsden,florida,47,56,45660.0
Gilchrist,florida,12,18,18582.0
Glades,florida,4,6,13811.0
Gulf,florida,14,15,13639.0
Hamilton,florida,8,10,14428.0
Hardee,florida,11,16,26937.0
Hendry,florida,42,44,42022.0
Hernando,florida,127,175,193920.0
Highlands,florida,89,118,106221.0
Hillsborough,florida,646,816,1471968.0
Holmes,florida,8,12,19617.0
Indian River,florida,119,125,159923.0
Jackson,florida,80,83,46414.0
Jefferson,florida,9,9,14246.0
Lafayette,florida,12,16,8422.0
Lake,florida,193,227,367118.0
Lee,florida,468,518,770577.0
Leon,florida,77,118,293582.0
Levy,florida,9,12,41503.0
Liberty,florida,8,11,8354.0
Madison,florida,20,25,18493.0
Manatee,florida,291,330,403253.0
Marion,florida,290,348,365579.0
Martin,florida,143,167,161000.0
Miami-Dade,florida,3280,3647,2716940.0
Monroe,florida,22,25,74228.0
Nassau,florida,45,52,88625.0
Okaloosa,florida,115,130,210738.0
Okeechobee,florida,27,38,42168.0
Orange,florida,458,560,1393452.0
Osceola,florida,153,206,375751.0
Out of FL,florida,0,0,
Palm Beach,florida,1369,1588,1496770.0
Pasco,florida,209,244,553947.0
Pinellas,florida,753,823,974996.0
Polk,florida,531,623,724777.0
Putnam,florida,40,50,74521.0
Santa Rosa,florida,77,88,184313.0
Sarasota,florida,258,343,433742.0
Seminole,florida,214,241,471826.0
St. Johns,florida,70,84,264672.0
St. Lucie,florida,283,336,328297.0
Sumter,florida,70,86,132420.0
Suwannee,florida,71,78,44417.0
Taylor,florida,13,18,21569.0
Unassigned,florida,0,0,
Union,florida,16,45,15237.0
Volusia,florida,249,322,553284.0
Wakulla,florida,10,11,33739.0
Walton,florida,25,30,74071.0
Washington,florida,22,24,25473.0
Appling,georgia,29,38,18386.0
Atkinson,georgia,3,6,8165.0
Bacon,georgia,14,16,11164.0
Baker,georgia,4,6,3038.0
Baldwin,georgia,57,65,44890.0
Banks,georgia,8,8,19234.0
Barrow,georgia,48,51,83240.0
Bartow,georgia,87,96,107738.0
Ben Hill,georgia,24,34,16700.0
Berrien,georgia,12,14,19397.0
Bibb,georgia,171,200,153159.0
Bleckley,georgia,21,27,12873.0
Brantley,georgia,10,13,19109.0
Brooks,georgia,26,26,15457.0
Bryan,georgia,11,16,39627.0
Bulloch,georgia,28,33,79608.0
Burke,georgia,10,12,22383.0
Butts,georgia,42,44,24936.0
Calhoun,georgia,8,10,6189.0
Camden,georgia,13,18,54666.0
Candler,georgia,19,25,10803.0
Carroll,georgia,68,77,119992.0
Catoosa,georgia,18,23,67580.0
Charlton,georgia,7,10,13392.0
Chatham,georgia,163,191,289430.0
Chattahoochee,georgia,1,1,10907.0
Chattooga,georgia,22,29,24789.0
Cherokee,georgia,92,102,258773.0
Clarke,georgia,44,50,128331.0
Clay,georgia,2,3,2834.0
Clayton,georgia,162,179,292256.0
Clinch,georgia,6,13,6618.0
Cobb,georgia,427,459,760141.0
Coffee,georgia,50,64,43273.0
Colquitt,georgia,34,40,45600.0
Columbia,georgia,61,66,156714.0
Cook,georgia,13,16,17270.0
Coweta,georgia,47,63,148509.0
Crawford,georgia,5,6,12404.0
Crisp,georgia,17,23,22372.0
Dade,georgia,5,6,16116.0
Dawson,georgia,8,11,26108.0
DeKalb,georgia,367,403,759297.0
Decatur,georgia,29,35,26404.0
Dodge,georgia,12,19,20605.0
Dooly,georgia,14,18,13390.0
Dougherty,georgia,187,191,87956.0
Douglas,georgia,71,73,146343.0
Early,georgia,33,35,10190.0
Echols,georgia,2,2,4006.0
Effingham,georgia,23,29,64296.0
Elbert,georgia,3,10,19194.0
Emanuel,georgia,32,39,22646.0
Evans,georgia,6,7,10654.0
Fannin,georgia,24,27,26188.0
Fayette,georgia,50,57,114421.0
Floyd,georgia,45,61,98498.0
Forsyth,georgia,46,54,244252.0
Franklin,georgia,13,18,23349.0
Fulton,georgia,575,628,1063937.0
Gilmer,georgia,12,22,31369.0
Glascock,georgia,2,2,2971.0
Glynn,georgia,95,104,85292.0
Gordon,georgia,36,47,57963.0
Grady,georgia,22,25,24633.0
Greene,georgia,24,25,18324.0
Gwinnett,georgia,409,450,936250.0
Habersham,georgia,67,78,45328.0
Hall,georgia,154,179,204441.0
Hancock,georgia,42,44,8457.0
Haralson,georgia,8,11,29792.0
Harris,georgia,22,25,35236.0
Hart,georgia,13,17,26205.0
Heard,georgia,5,6,11923.0
Henry,georgia,102,114,234561.0
Houston,georgia,82,95,157863.0
Irwin,georgia,4,8,9416.0
Jackson,georgia,33,42,72977.0
Jasper,georgia,4,4,14219.0
Jeff Davis,georgia,20,23,15115.0
Jefferson,georgia,29,33,15362.0
Jenkins,georgia,30,32,8676.0
Johnson,georgia,22,23,9643.0
Jones,georgia,9,17,28735.0
Lamar,georgia,18,20,19077.0
Lanier,georgia,5,7,10423.0
Laurens,georgia,75,89,47546.0
Lee,georgia,26,30,29992.0
Liberty,georgia,22,25,61435.0
Lincoln,georgia,7,7,7921.0
Long,georgia,3,4,19559.0
Lowndes,georgia,82,87,117406.0
Lumpkin,georgia,14,15,33610.0
Macon,georgia,10,10,12947.0
Madison,georgia,8,11,29880.0
Marion,georgia,8,9,8359.0
McDuffie,georgia,14,16,21312.0
McIntosh,georgia,7,8,14378.0
Meriwether,georgia,13,16,21167.0
Miller,georgia,1,2,5718.0
Mitchell,georgia,45,46,21863.0
Monroe,georgia,52,55,27578.0
Montgomery,georgia,5,10,9172.0
Morgan,georgia,3,6,19276.0
Murray,georgia,6,9,40096.0
Muscogee,georgia,170,175,195769.0
Newton,georgia,90,96,111744.0
Oconee,georgia,26,31,40280.0
Oglethorpe,georgia,11,13,15259.0
Out of GA,georgia,160,189,
Paulding,georgia,54,61,168667.0
Peach,georgia,24,26,27546.0
Pickens,georgia,10,10,32591.0
Pierce,georgia,20,24,19465.0
Pike,georgia,10,11,18962.0
Polk,georgia,18,29,42613.0
Pulaski,georgia,22,23,11137.0
Putnam,georgia,25,27,22119.0
Quitman,georgia,1,1,2299.0
Rabun,georgia,10,11,17137.0
Randolph,georgia,29,29,6778.0
Richmond,georgia,162,185,202518.0
Rockdale,georgia,37,41,90896.0
Schley,georgia,2,2,5257.0
Screven,georgia,10,11,13966.0
Seminole,georgia,9,11,8090.0
Spalding,georgia,61,63,66703.0
Stephens,georgia,38,42,25925.0
Stewart,georgia,14,16,6621.0
Sumter,georgia,62,68,29524.0
Talbot,georgia,6,8,6195.0
Taliaferro,georgia,0,0,1537.0
Tattnall,georgia,11,16,25286.0
Taylor,georgia,11,12,8020.0
Telfair,georgia,19,24,15860.0
Terrell,georgia,32,32,8531.0
Thomas,georgia,64,71,44451.0
Tift,georgia,57,65,40644.0
Toombs,georgia,49,57,26830.0
Towns,georgia,9,13,12037.0
Treutlen,georgia,10,12,6901.0
Troup,georgia,100,109,69922.0
Turner,georgia,24,24,7985.0
Twiggs,georgia,7,10,8120.0
Unassigned,georgia,7,6,
Union,georgia,20,26,24511.0
Upson,georgia,62,71,26320.0
Walker,georgia,36,46,69761.0
Walton,georgia,55,70,94593.0
Ware,georgia,60,65,35734.0
Warren,georgia,5,6,5254.0
Washington,georgia,8,13,20374.0
Wayne,georgia,30,33,29927.0
Webster,georgia,2,2,2607.0
Wheeler,georgia,11,17,7855.0
White,georgia,19,24,30798.0
Whitfield,georgia,60,64,104628.0
Wilcox,georgia,20,25,8635.0
Wilkes,georgia,5,7,9777.0
Wilkinson,georgia,18,17,8954.0
Worth,georgia,30,35,20247.0
Hawaii,hawaii,15,31,201513.0
Honolulu,hawaii,111,170,974563.0
Kalawao,hawaii,0,0,86.0
Kauai,hawaii,0,0,72293.0
Maui,hawaii,9,17,167417.0
Out of HI,hawaii,1,1,
Unassigned,hawaii,0,0,
Ada,idaho,148,180,481587.0
Adams,idaho,2,2,4294.0
Bannock,idaho,5,14,87808.0
Bear Lake,idaho,1,1,6125.0
Benewah,idaho,3,3,9298.0
Bingham,idaho,10,23,46811.0
Blaine,idaho,6,7,23021.0
Boise,idaho,2,2,7831.0
Bonner,idaho,0,1,45739.0
Bonneville,idaho,17,38,119062.0
Boundary,idaho,1,1,12245.0
Butte,idaho,0,0,2597.0
Camas,idaho,0,0,1106.0
Canyon,idaho,102,111,229849.0
Caribou,idaho,0,4,7155.0
Cassia,idaho,6,9,24030.0
Clark,idaho,0,0,845.0
Clearwater,idaho,0,0,8756.0
Custer,idaho,1,1,4315.0
Elmore,idaho,3,4,27511.0
Franklin,idaho,0,2,13876.0
Fremont,idaho,3,4,13099.0
Gem,idaho,3,6,18112.0
Gooding,idaho,1,9,15179.0
Idaho,idaho,0,1,16667.0
Jefferson,idaho,2,4,29871.0
Jerome,idaho,7,9,24412.0
Kootenai,idaho,34,51,165697.0
Latah,idaho,0,1,40108.0
Lemhi,idaho,0,1,8027.0
Lewis,idaho,0,3,3838.0
Lincoln,idaho,0,3,5366.0
Madison,idaho,2,4,39907.0
Minidoka,idaho,8,9,21039.0
Nez Perce,idaho,24,24,40408.0
Oneida,idaho,0,0,4531.0
Out of ID,idaho,0,0,
Owyhee,idaho,5,5,11823.0
Payette,idaho,9,10,23951.0
Power,idaho,1,2,7681.0
Shoshone,idaho,18,20,12882.0
Teton,idaho,0,2,12142.0
Twin Falls,idaho,38,49,86878.0
Unassigned,idaho,0,0,
Valley,idaho,1,1,11392.0
Washington,idaho,6,8,10194.0
Adair,iowa,1,1,7152.0
Adams,iowa,0,1,3602.0
Allamakee,iowa,6,9,13687.0
Appanoose,iowa,3,3,12426.0
Audubon,iowa,1,1,5496.0
Benton,iowa,1,3,25645.0
Black Hawk,iowa,92,102,131228.0
Boone,iowa,8,9,26234.0
Bremer,iowa,7,9,25062.0
Buchanan,iowa,1,5,21175.0
Buena Vista,iowa,12,12,19620.0
Butler,iowa,2,3,14439.0
Calhoun,iowa,3,4,9668.0
Carroll,iowa,5,13,20165.0
Cass,iowa,2,3,12836.0
Cedar,iowa,1,7,18627.0
Cerro Gordo,iowa,22,27,42450.0
Cherokee,iowa,2,2,11235.0
Chickasaw,iowa,1,1,11933.0
Clarke,iowa,3,3,9395.0
Clay,iowa,4,4,16016.0
Clayton,iowa,3,3,17549.0
Clinton,iowa,22,28,46429.0
Crawford,iowa,6,15,16820.0
Dallas,iowa,38,47,93453.0
Davis,iowa,4,4,9000.0
Decatur,iowa,0,0,7870.0
Delaware,iowa,3,14,17011.0
Des Moines,iowa,9,11,38967.0
Dickinson,iowa,6,9,17258.0
Dubuque,iowa,43,59,97311.0
Emmet,iowa,10,21,9208.0
Fayette,iowa,2,4,19650.0
Floyd,iowa,5,11,15642.0
Franklin,iowa,18,18,10070.0
Fremont,iowa,0,2,6960.0
Greene,iowa,0,0,8888.0
Grundy,iowa,4,6,12232.0
Guthrie,iowa,10,15,10689.0
Hamilton,iowa,3,5,14773.0
Hancock,iowa,2,6,10630.0
Hardin,iowa,1,7,16846.0
Harrison,iowa,5,17,14049.0
Henry,iowa,4,5,19954.0
Howard,iowa,7,9,9158.0
Humboldt,iowa,3,3,9558.0
Ida,iowa,2,2,6860.0
Iowa,iowa,1,10,16184.0
Jackson,iowa,3,3,19439.0
Jasper,iowa,34,34,37185.0
Jefferson,iowa,1,1,18295.0
Johnson,iowa,27,31,151140.0
Jones,iowa,3,4,20681.0
Keokuk,iowa,1,1,10246.0
Kossuth,iowa,0,0,14813.0
Lee,iowa,7,12,33657.0
Linn,iowa,115,134,226706.0
Louisa,iowa,15,15,11035.0
Lucas,iowa,6,6,8600.0
Lyon,iowa,4,8,11755.0
Madison,iowa,2,3,16338.0
Mahaska,iowa,20,25,22095.0
Marion,iowa,9,11,33253.0
Marshall,iowa,35,36,39369.0
Mills,iowa,1,3,15109.0
Mitchell,iowa,0,1,10586.0
Monona,iowa,1,2,8615.0
Monroe,iowa,11,12,7707.0
Montgomery,iowa,5,7,9917.0
Muscatine,iowa,56,58,42664.0
O'Brien,iowa,9,14,13753.0
Osceola,iowa,0,0,5958.0
Out of IA,iowa,0,0,
Page,iowa,0,0,15107.0
Palo Alto,iowa,0,2,8886.0
Plymouth,iowa,21,31,25177.0
Pocahontas,iowa,2,2,6619.0
Polk,iowa,264,290,490161.0
Pottawattamie,iowa,39,45,93206.0
Poweshiek,iowa,8,11,18504.0
Ringgold,iowa,2,2,4894.0
Sac,iowa,0,4,9721.0
Scott,iowa,29,43,172943.0
Shelby,iowa,1,2,11454.0
Sioux,iowa,3,17,34855.0
Story,iowa,17,18,97117.0
Tama,iowa,32,38,16854.0
Taylor,iowa,1,2,6121.0
Unassigned,iowa,0,0,
Union,iowa,3,5,12241.0
Van Buren,iowa,1,2,7044.0
Wapello,iowa,57,62,34969.0
Warren,iowa,6,7,51466.0
Washington,iowa,11,12,21965.0
Wayne,iowa,3,3,6441.0
Webster,iowa,14,15,35904.0
Winnebago,iowa,14,19,10354.0
Winneshiek,iowa,8,9,19991.0
Woodbury,iowa,68,100,103107.0
Worth,iowa,0,0,7381.0
Wright,iowa,1,1,12562.0
Adams,mississippi,37,45,30693.0
Alcorn,mississippi,11,12,36953.0
Amite,mississippi,10,13,12297.0
Attala,mississippi,25,27,18174.0
Benton,mississippi,3,11,8259.0
Bolivar,mississippi,70,79,30628.0
Calhoun,mississippi,12,13,14361.0
Carroll,mississippi,12,12,9947.0
Chickasaw,mississippi,24,29,17103.0
Choctaw,mississippi,6,6,8210.0
Claiborne,mississippi,16,16,8988.0
Clarke,mississippi,49,53,15541.0
Clay,mississippi,19,22,19316.0
Coahoma,mississippi,30,37,22124.0
Copiah,mississippi,33,37,28065.0
Covington,mississippi,23,29,18636.0
DeSoto,mississippi,64,80,184945.0
Forrest,mississippi,75,80,74897.0
Franklin,mississippi,3,3,7713.0
George,mississippi,13,20,24500.0
Greene,mississippi,17,18,13586.0
Grenada,mississippi,36,40,20758.0
Hancock,mississippi,22,29,47632.0
Harrison,mississippi,75,87,208080.0
Hinds,mississippi,161,180,231840.0
Holmes,mississippi,60,60,17010.0
Humphreys,mississippi,15,17,8064.0
Issaquena,mississippi,3,4,1327.0
Itawamba,mississippi,21,28,23390.0
Jackson,mississippi,70,91,143617.0
Jasper,mississippi,15,17,16383.0
Jefferson,mississippi,9,10,6990.0
Jefferson Davis,mississippi,11,13,11128.0
Jones,mississippi,80,84,68098.0
Kemper,mississippi,15,15,9742.0
Lafayette,mississippi,40,43,54019.0
Lamar,mississippi,37,40,63343.0
Lauderdale,mississippi,126,135,74125.0
Lawrence,mississippi,14,14,12586.0
Leake,mississippi,38,42,22786.0
Lee,mississippi,72,83,85436.0
Leflore,mississippi,82,88,28183.0
Lincoln,mississippi,53,61,34153.0
Lowndes,mississippi,58,62,58595.0
Madison,mississippi,90,94,106272.0
Marion,mississippi,37,44,24573.0
Marshall,mississippi,21,31,35294.0
Monroe,mississippi,69,74,35252.0
Montgomery,mississippi,20,23,9775.0
Neshoba,mississippi,104,111,29118.0
Newton,mississippi,24,28,21018.0
Noxubee,mississippi,16,17,10417.0
Oktibbeha,mississippi,52,56,49587.0
Out of MS,mississippi,0,0,
Panola,mississippi,31,41,34192.0
Pearl River,mississippi,53,60,55535.0
Perry,mississippi,21,23,11973.0
Pike,mississippi,54,56,39288.0
Pontotoc,mississippi,16,20,32174.0
Prentiss,mississippi,18,20,25126.0
Quitman,mississippi,5,6,6792.0
Rankin,mississippi,80,86,155271.0
Scott,mississippi,27,29,28124.0
Sharkey,mississippi,14,15,4321.0
Simpson,mississippi,47,50,26658.0
Smith,mississippi,15,16,15916.0
Stone,mississippi,13,14,18336.0
Sunflower,mississippi,46,51,25110.0
Tallahatchie,mississippi,24,26,13809.0
Tate,mississippi,38,39,28321.0
Tippah,mississippi,18,25,22015.0
Tishomingo,mississippi,39,41,19383.0
Tunica,mississippi,15,17,9632.0
Unassigned,mississippi,0,0,
Union,mississippi,24,25,28815.0
Walthall,mississippi,26,27,14286.0
Warren,mississippi,50,56,45381.0
Washington,mississippi,79,100,43909.0
Wayne,mississippi,21,22,20183.0
Webster,mississippi,13,13,9689.0
Wilkinson,mississippi,18,21,8630.0
Winston,mississippi,19,21,17955.0
Yalobusha,mississippi,14,16,12108.0
Yazoo,mississippi,33,35,29690.0
Adair,missouri,0,0,25343.0
Andrew,missouri,2,8,17712.0
Atchison,missouri,0,1,5143.0
Audrain,missouri,4,10,25388.0
Barry,missouri,6,9,35789.0
Barton,missouri,0,4,11754.0
Bates,missouri,2,8,16172.0
Benton,missouri,3,7,19443.0
Bollinger,missouri,1,3,12133.0
Boone,missouri,10,15,180463.0
Buchanan,missouri,16,43,87364.0
Butler,missouri,7,8,42478.0
Caldwell,missouri,1,1,9020.0
Callaway,missouri,3,7,44743.0
Camden,missouri,11,36,46305.0
Cape Girardeau,missouri,15,55,78871.0
Carroll,missouri,2,4,8679.0
Carter,missouri,1,3,5982.0
Cass,missouri,24,32,105780.0
Cedar,missouri,0,4,14349.0
Chariton,missouri,0,0,7426.0
Christian,missouri,6,16,88595.0
Clark,missouri,0,1,6797.0
Clay,missouri,41,48,249948.0
Clinton,missouri,0,24,20387.0
Cole,missouri,14,26,76745.0
Cooper,missouri,2,4,17709.0
Crawford,missouri,4,9,23920.0
Dade,missouri,0,0,7561.0
Dallas,missouri,1,2,16878.0
Daviess,missouri,1,4,8278.0
DeKalb,missouri,2,2,12547.0
Dent,missouri,2,4,15573.0
Douglas,missouri,3,12,13185.0
Dunklin,missouri,8,13,29131.0
Franklin,missouri,29,48,103967.0
Gasconade,missouri,20,24,14706.0
Gentry,missouri,9,10,6571.0
Greene,missouri,58,140,293086.0
Grundy,missouri,4,11,9850.0
Harrison,missouri,1,1,8352.0
Henry,missouri,5,8,21824.0
Hickory,missouri,3,4,9544.0
Holt,missouri,1,1,4403.0
Howard,missouri,2,2,10001.0
Howell,missouri,3,14,40117.0
Iron,missouri,0,0,10125.0
Jackson,missouri,102,140,703011.0
Jasper,missouri,53,77,121328.0
Jefferson,missouri,59,89,225081.0
Johnson,missouri,4,10,54062.0
Kansas City,missouri,125,213,
Knox,missouri,1,1,3959.0
Laclede,missouri,4,23,35723.0
Lafayette,missouri,2,26,32708.0
Lawrence,missouri,4,24,38355.0
Lewis,missouri,2,2,9776.0
Lincoln,missouri,3,5,59013.0
Linn,missouri,1,7,11920.0
Livingston,missouri,1,9,15227.0
Macon,missouri,0,1,15117.0
Madison,missouri,1,3,12088.0
Maries,missouri,0,0,8697.0
Marion,missouri,14,14,28530.0
McDonald,missouri,11,12,22837.0
Mercer,missouri,0,0,3617.0
Miller,missouri,1,15,25619.0
Mississippi,missouri,3,6,13180.0
Moniteau,missouri,4,12,16132.0
Monroe,missouri,1,2,8644.0
Montgomery,missouri,1,1,11551.0
Morgan,missouri,2,8,20627.0
New Madrid,missouri,16,23,17076.0
Newton,missouri,15,22,58236.0
Nodaway,missouri,10,11,22092.0
Oregon,missouri,0,0,10529.0
Osage,missouri,2,3,13615.0
Out of MO,missouri,0,0,
Ozark,missouri,0,1,9174.0
Pemiscot,missouri,10,14,15805.0
Perry,missouri,7,8,19136.0
Pettis,missouri,12,24,42339.0
Phelps,missouri,8,27,44573.0
Pike,missouri,4,8,18302.0
Platte,missouri,10,13,104418.0
Polk,missouri,3,10,32149.0
Pulaski,missouri,5,11,52607.0
Putnam,missouri,1,1,4696.0
Ralls,missouri,0,0,10309.0
Randolph,missouri,2,3,24748.0
Ray,missouri,0,2,23018.0
Reynolds,missouri,0,1,6270.0
Ripley,missouri,0,4,13288.0
Saline,missouri,9,11,22761.0
Schuyler,missouri,0,0,4660.0
Scotland,missouri,1,1,4902.0
Scott,missouri,17,26,38280.0
Shannon,missouri,1,5,8166.0
Shelby,missouri,1,1,5930.0
St. Charles,missouri,120,156,402022.0
St. Clair,missouri,0,1,9397.0
St. Francois,missouri,11,29,67215.0
St. Louis,missouri,810,892,994205.0
St. Louis City,missouri,200,225,300576.0
Ste. Genevieve,missouri,1,1,17894.0
Stoddard,missouri,13,15,29025.0
Stone,missouri,4,11,31952.0
Sullivan,missouri,0,1,6089.0
Taney,missouri,31,35,55928.0
Texas,missouri,2,3,25398.0
Unassigned,missouri,0,0,
Vernon,missouri,1,3,20563.0
Warren,missouri,1,2,35649.0
Washington,missouri,10,20,24730.0
Wayne,missouri,0,3,12873.0
Webster,missouri,5,16,39592.0
Worth,missouri,0,0,2013.0
Wright,missouri,0,8,18289.0
Adams,nebraska,12,15,31363.0
Antelope,nebraska,1,1,6298.0
Arthur,nebraska,0,0,463.0
Banner,nebraska,0,0,745.0
Blaine,nebraska,0,0,465.0
Boone,nebraska,0,0,5192.0
Box Butte,nebraska,1,1,10783.0
Boyd,nebraska,0,0,1919.0
Brown,nebraska,0,0,2955.0
Buffalo,nebraska,6,18,49659.0
Burt,nebraska,0,1,6459.0
Butler,nebraska,1,2,8016.0
Cass,nebraska,2,4,26248.0
Cedar,nebraska,0,0,8402.0
Chase,nebraska,0,0,3924.0
Cherry,nebraska,4,4,5689.0
Cheyenne,nebraska,0,0,8910.0
Clay,nebraska,0,1,6203.0
Colfax,nebraska,5,7,10709.0
Cuming,nebraska,0,3,8846.0
Custer,nebraska,4,5,10777.0
Dakota,nebraska,43,49,20026.0
Dawes,nebraska,0,4,8589.0
Dawson,nebraska,13,15,23595.0
Deuel,nebraska,0,0,1794.0
Dixon,nebraska,2,2,5636.0
Dodge,nebraska,12,20,36565.0
Douglas,nebraska,193,232,571327.0
Dundy,nebraska,1,1,1693.0
Fillmore,nebraska,1,2,5462.0
Franklin,nebraska,0,0,2979.0
Frontier,nebraska,0,0,2627.0
Furnas,nebraska,2,3,4676.0
Gage,nebraska,5,5,21513.0
Garden,nebraska,0,0,1837.0
Garfield,nebraska,0,0,1969.0
Gosper,nebraska,0,0,1990.0
Grant,nebraska,0,0,623.0
Greeley,nebraska,0,0,2356.0
Hall,nebraska,47,50,61353.0
Hamilton,nebraska,12,12,9324.0
Harlan,nebraska,0,0,3380.0
Hayes,nebraska,0,0,922.0
Hitchcock,nebraska,0,0,2762.0
Holt,nebraska,1,5,10067.0
Hooker,nebraska,1,1,682.0
Howard,nebraska,5,5,6445.0
Jefferson,nebraska,0,0,7046.0
Johnson,nebraska,0,0,5071.0
Kearney,nebraska,0,0,6495.0
Keith,nebraska,0,0,8034.0
Keya Paha,nebraska,0,0,806.0
Kimball,nebraska,0,0,3632.0
Knox,nebraska,0,1,8332.0
Lancaster,nebraska,24,45,319090.0
Lincoln,nebraska,4,8,34914.0
Logan,nebraska,0,0,748.0
Loup,nebraska,0,0,664.0
Madison,nebraska,5,10,35099.0
McPherson,nebraska,0,0,494.0
Merrick,nebraska,1,1,7755.0
Morrill,nebraska,0,0,4642.0
Nance,nebraska,0,0,3519.0
Nemaha,nebraska,0,0,6972.0
Nuckolls,nebraska,0,0,4148.0
Otoe,nebraska,1,1,16012.0
Out of NE,nebraska,0,0,
Pawnee,nebraska,0,0,2613.0
Perkins,nebraska,10,10,2891.0
Phelps,nebraska,0,2,9034.0
Pierce,nebraska,8,9,7148.0
Platte,nebraska,4,7,33470.0
Polk,nebraska,1,4,5213.0
Red Willow,nebraska,0,0,10724.0
Richardson,nebraska,1,2,7865.0
Rock,nebraska,1,1,1357.0
Saline,nebraska,2,2,14224.0
Sarpy,nebraska,16,39,187196.0
Saunders,nebraska,3,4,21578.0
Scotts Bluff,nebraska,8,9,35618.0
Seward,nebraska,3,3,17284.0
Sheridan,nebraska,0,0,5246.0
Sherman,nebraska,2,3,3001.0
Sioux,nebraska,0,0,1166.0
Stanton,nebraska,0,0,5920.0
Thayer,nebraska,0,0,5003.0
Thomas,nebraska,0,0,722.0
Thurston,nebraska,4,4,7224.0
Unassigned,nebraska,0,8,
Valley,nebraska,0,1,4158.0
Washington,nebraska,4,7,20729.0
Wayne,nebraska,0,1,9385.0
Webster,nebraska,0,0,3487.0
Wheeler,nebraska,0,0,783.0
York,nebraska,2,2,13679.0
Belknap,new hampshire,4,5,61303.0
Carroll,new hampshire,2,2,48910.0
Cheshire,new hampshire,3,3,76085.0
Coos,new hampshire,0,0,31563.0
Grafton,new hampshire,1,1,89886.0
Hillsborough,new hampshire,289,323,417025.0
Merrimack,new hampshire,23,29,151391.0
Out of NH,new hampshire,0,0,
Rockingham,new hampshire,103,105,309769.0
Strafford,new hampshire,13,14,130633.0
Sullivan,new hampshire,1,1,43146.0
Unassigned,new hampshire,0,0,
Adair,oklahoma,10,11,22194.0
Alfalfa,oklahoma,0,0,5702.0
Atoka,oklahoma,1,1,13758.0
Beaver,oklahoma,0,1,5311.0
Beckham,oklahoma,3,11,21859.0
Blaine,oklahoma,1,1,9429.0
Bryan,oklahoma,5,14,47995.0
Caddo,oklahoma,21,26,28762.0
Canadian,oklahoma,17,23,148306.0
Carter,oklahoma,9,10,48111.0
Cherokee,oklahoma,8,8,48657.0
Choctaw,oklahoma,2,2,14672.0
Cimarron,oklahoma,0,0,2137.0
Cleveland,oklahoma,71,105,284014.0
Coal,oklahoma,0,0,5495.0
Comanche,oklahoma,13,18,120749.0
Cotton,oklahoma,3,3,5666.0
Craig,oklahoma,1,2,14142.0
Creek,oklahoma,34,39,71522.0
Custer,oklahoma,0,6,29003.0
Delaware,oklahoma,25,28,43009.0
Dewey,oklahoma,1,1,4891.0
Ellis,oklahoma,0,0,3859.0
Garfield,oklahoma,21,28,61056.0
Garvin,oklahoma,5,6,27711.0
Grady,oklahoma,11,16,55834.0
Grant,oklahoma,1,2,4333.0
Greer,oklahoma,8,8,5712.0
Harmon,oklahoma,0,0,2653.0
Harper,oklahoma,1,2,3688.0
Haskell,oklahoma,4,5,12627.0
Hughes,oklahoma,4,6,13279.0
Jackson,oklahoma,10,13,24530.0
Jefferson,oklahoma,0,0,6002.0
Johnston,oklahoma,4,4,11085.0
Kay,oklahoma,13,16,43538.0
Kingfisher,oklahoma,2,3,15765.0
Kiowa,oklahoma,2,3,8708.0
Latimer,oklahoma,2,2,10073.0
Le Flore,oklahoma,19,24,49853.0
Lincoln,oklahoma,10,22,34877.0
Logan,oklahoma,1,2,48011.0
Love,oklahoma,1,1,10253.0
Major,oklahoma,1,2,7629.0
Marshall,oklahoma,2,2,16931.0
Mayes,oklahoma,11,15,41100.0
McClain,oklahoma,7,13,40474.0
McCurtain,oklahoma,34,41,32832.0
McIntosh,oklahoma,6,10,19596.0
Murray,oklahoma,1,3,14073.0
Muskogee,oklahoma,23,28,67997.0
Noble,oklahoma,3,3,11131.0
Nowata,oklahoma,4,4,10076.0
Okfuskee,oklahoma,5,8,11993.0
Oklahoma,oklahoma,195,231,797434.0
Okmulgee,oklahoma,8,13,38465.0
Osage,oklahoma,13,15,46963.0
Ottawa,oklahoma,6,18,31127.0
Out of OK,oklahoma,0,0,
Pawnee,oklahoma,3,5,16376.0
Payne,oklahoma,7,14,81784.0
Pittsburg,oklahoma,20,21,43654.0
Pontotoc,oklahoma,3,5,38284.0
Pottawatomie,oklahoma,10,14,72592.0
Pushmataha,oklahoma,2,6,11096.0
Roger Mills,oklahoma,1,4,3583.0
Rogers,oklahoma,52,55,92459.0
Seminole,oklahoma,6,6,24258.0
Sequoyah,oklahoma,11,14,41569.0
Stephens,oklahoma,5,8,43143.0
Texas,oklahoma,10,10,19983.0
Tillman,oklahoma,2,4,7250.0
Tulsa,oklahoma,166,214,651552.0
Unassigned,oklahoma,0,0,
Wagoner,oklahoma,26,31,81289.0
Washington,oklahoma,40,42,51527.0
Washita,oklahoma,0,0,10916.0
Woods,oklahoma,0,0,8793.0
Woodward,oklahoma,4,5,20211.0
Abbeville,south carolina,13,17,24527.0
Aiken,south carolina,82,87,170872.0
Allendale,south carolina,6,7,8688.0
Anderson,south carolina,178,209,202558.0
Bamberg,south carolina,34,34,14066.0
Barnwell,south carolina,16,25,20866.0
Beaufort,south carolina,83,93,192122.0
Berkeley,south carolina,89,95,227907.0
Calhoun,south carolina,17,18,14553.0
Charleston,south carolina,263,279,411406.0
Cherokee,south carolina,39,52,57300.0
Chester,south carolina,21,28,32244.0
Chesterfield,south carolina,37,46,45650.0
Clarendon,south carolina,67,68,33745.0
Colleton,south carolina,42,49,37677.0
Darlington,south carolina,57,67,66618.0
Dillon,south carolina,39,48,30479.0
Dorchester,south carolina,91,102,162809.0
Edgefield,south carolina,19,23,27260.0
Fairfield,south carolina,36,40,22347.0
Florence,south carolina,192,203,138293.0
Georgetown,south carolina,45,56,62680.0
Greenville,south carolina,306,353,523542.0
Greenwood,south carolina,73,76,70811.0
Hampton,south carolina,27,31,19222.0
Horry,south carolina,197,233,354081.0
Jasper,south carolina,22,23,30073.0
Kershaw,south carolina,38,49,66551.0
Lancaster,south carolina,52,62,98012.0
Laurens,south carolina,56,62,67493.0
Lee,south carolina,35,36,16828.0
Lexington,south carolina,163,214,298750.0
Marion,south carolina,26,44,30657.0
Marlboro,south carolina,11,14,26118.0
McCormick,south carolina,6,7,9463.0
Newberry,south carolina,27,54,38440.0
Oconee,south carolina,28,34,79546.0
Orangeburg,south carolina,126,131,86175.0
Out of SC,south carolina,0,0,
Pickens,south carolina,45,67,126884.0
Richland,south carolina,244,273,415759.0
Saluda,south carolina,21,24,20473.0
Spartanburg,south carolina,199,238,319785.0
Sumter,south carolina,78,89,106721.0
Unassigned,south carolina,0,0,
Union,south carolina,12,18,27316.0
Williamsburg,south carolina,45,50,30368.0
York,south carolina,75,107,280979.0
Aurora,south dakota,0,0,2751.0
Beadle,south dakota,9,15,18453.0
Bennett,south dakota,1,5,3365.0
Bon Homme,south dakota,1,1,6901.0
Brookings,south dakota,2,5,35077.0
Brown,south dakota,4,6,38839.0
Brule,south dakota,0,2,5297.0
Buffalo,south dakota,3,4,1962.0
Butte,south dakota,3,3,10429.0
Campbell,south dakota,0,1,1376.0
Charles Mix,south dakota,0,0,9292.0
Clark,south dakota,0,0,3736.0
Clay,south dakota,6,8,14070.0
Codington,south dakota,6,15,28009.0
Corson,south dakota,1,1,4086.0
Custer,south dakota,2,3,8972.0
Davison,south dakota,2,10,19775.0
Day,south dakota,0,2,5424.0
Deuel,south dakota,0,1,4351.0
Dewey,south dakota,0,0,5892.0
Douglas,south dakota,1,4,2921.0
Edmunds,south dakota,0,1,3829.0
Fall River,south dakota,4,6,6713.0
Faulk,south dakota,1,2,2299.0
Grant,south dakota,1,2,7052.0
Gregory,south dakota,3,10,4185.0
Haakon,south dakota,0,2,1899.0
Hamlin,south dakota,0,0,6164.0
Hand,south dakota,0,1,3191.0
Hanson,south dakota,0,1,3453.0
Harding,south dakota,0,0,1298.0
Hughes,south dakota,5,8,17526.0
Hutchinson,south dakota,2,2,7291.0
Hyde,south dakota,0,0,1301.0
Jackson,south dakota,1,3,3344.0
Jerauld,south dakota,1,12,2013.0
Jones,south dakota,0,0,903.0
Kingsbury,south dakota,0,2,4939.0
Lake,south dakota,7,9,12797.0
Lawrence,south dakota,5,6,25844.0
Lincoln,south dakota,2,20,61128.0
Lyman,south dakota,3,6,3781.0
Marshall,south dakota,0,1,4935.0
McCook,south dakota,1,1,5586.0
McPherson,south dakota,0,0,2379.0
Meade,south dakota,5,10,28332.0
Mellette,south dakota,0,1,2061.0
Miner,south dakota,0,1,2216.0
Minnehaha,south dakota,81,111,193134.0
Moody,south dakota,0,2,6576.0
Oglala Lakota,south dakota,3,9,14177.0
Out of SD,south dakota,0,0,
Pennington,south dakota,37,49,113775.0
Perkins,south dakota,0,0,2865.0
Potter,south dakota,0,0,2153.0
Roberts,south dakota,1,5,10394.0
Sanborn,south dakota,0,1,2344.0
Spink,south dakota,0,1,6376.0
Stanley,south dakota,0,0,3098.0
Sully,south dakota,0,0,1391.0
Todd,south dakota,5,6,10177.0
Tripp,south dakota,0,2,5441.0
Turner,south dakota,2,18,8384.0
Unassigned,south dakota,0,0,
Union,south dakota,7,12,15932.0
Walworth,south dakota,1,8,5435.0
Yankton,south dakota,4,6,22814.0
Ziebach,south dakota,0,2,2756.0
Anderson,tennessee,13,16,76978.0
Bedford,tennessee,17,23,49713.0
Benton,tennessee,8,10,16160.0
Bledsoe,tennessee,4,4,15064.0
Blount,tennessee,24,41,133088.0
Bradley,tennessee,17,24,108110.0
Campbell,tennessee,4,13,39842.0
Cannon,tennessee,1,2,14678.0
Carroll,tennessee,20,27,27767.0
Carter,tennessee,28,36,56391.0
Cheatham,tennessee,9,12,40667.0
Chester,tennessee,11,16,17297.0
Claiborne,tennessee,5,8,31959.0
Clay,tennessee,5,16,7615.0
Cocke,tennessee,10,17,36004.0
Coffee,tennessee,14,28,56520.0
Crockett,tennessee,19,23,14230.0
Cumberland,tennessee,19,27,60520.0
Davidson,tennessee,312,352,694144.0
DeKalb,tennessee,14,18,20490.0
Decatur,tennessee,7,11,11663.0
Dickson,tennessee,16,20,53948.0
Dyer,tennessee,17,38,37159.0
Fayette,tennessee,21,27,41133.0
Fentress,tennessee,4,12,18523.0
Franklin,tennessee,10,25,42208.0
Gibson,tennessee,25,48,49133.0
Giles,tennessee,17,38,29464.0
Grainger,tennessee,3,4,23320.0
Greene,tennessee,46,55,69069.0
Grundy,tennessee,6,13,13427.0
Hamblen,tennessee,28,50,64934.0
Hamilton,tennessee,95,111,367804.0
Hancock,tennessee,3,3,6620.0
Hardeman,tennessee,26,33,25050.0
Hardin,tennessee,16,23,25652.0
Hawkins,tennessee,20,29,56786.0
Haywood,tennessee,23,28,17304.0
Henderson,tennessee,24,26,28117.0
Henry,tennessee,10,12,32345.0
Hickman,tennessee,8,15,25178.0
Houston,tennessee,2,17,8201.0
Humphreys,tennessee,3,4,18582.0
Jackson,tennessee,5,8,11786.0
Jefferson,tennessee,14,24,54495.0
Johnson,tennessee,3,8,17788.0
Knox,tennessee,80,96,470313.0
Lake,tennessee,2,4,7016.0
Lauderdale,tennessee,16,18,25633.0
Lawrence,tennessee,14,20,44142.0
Lewis,tennessee,1,6,12268.0
Lincoln,tennessee,1,4,34366.0
Loudon,tennessee,7,13,54068.0
Macon,tennessee,21,25,24602.0
Madison,tennessee,66,81,97984.0
Marion,tennessee,8,14,28907.0
Marshall,tennessee,5,12,34375.0
Maury,tennessee,26,39,96387.0
McMinn,tennessee,26,39,53794.0
McNairy,tennessee,18,30,25694.0
Meigs,tennessee,3,6,12422.0
Monroe,tennessee,19,29,46545.0
Montgomery,tennessee,46,61,208993.0
Moore,tennessee,1,2,6488.0
Morgan,tennessee,3,7,21403.0
Obion,tennessee,11,27,30069.0
Out of TN,tennessee,27,36,
Overton,tennessee,6,25,22241.0
Perry,tennessee,0,9,8076.0
Pickett,tennessee,2,9,5048.0
Polk,tennessee,10,13,16832.0
Putnam,tennessee,44,59,80245.0
Rhea,tennessee,15,21,33167.0
Roane,tennessee,6,8,53382.0
Robertson,tennessee,39,43,71813.0
Rutherford,tennessee,92,116,332285.0
Scott,tennessee,2,5,22068.0
Sequatchie,tennessee,3,2,15026.0
Sevier,tennessee,15,23,98250.0
Shelby,tennessee,472,571,937166.0
Smith,tennessee,11,14,20157.0
Stewart,tennessee,2,13,13715.0
Sullivan,tennessee,33,53,158348.0
Sumner,tennessee,98,117,191283.0
Tipton,tennessee,19,23,61599.0
Trousdale,tennessee,7,9,11284.0
Unassigned,tennessee,4,6,
Unicoi,tennessee,1,5,17883.0
Union,tennessee,2,4,19972.0
Van Buren,tennessee,0,2,5872.0
Warren,tennessee,7,11,41277.0
Washington,tennessee,38,59,129375.0
Wayne,tennessee,5,7,16673.0
Weakley,tennessee,21,26,33328.0
White,tennessee,10,15,27345.0
Williamson,tennessee,36,57,238412.0
Wilson,tennessee,47,64,144657.0
Albany,wyoming,0,4,38880.0
Big Horn,wyoming,2,7,11790.0
Campbell,wyoming,1,3,46341.0
Carbon,wyoming,2,2,14800.0
Converse,wyoming,0,0,13822.0
Crook,wyoming,0,1,7584.0
Fremont,wyoming,14,15,39261.0
Goshen,wyoming,2,3,13211.0
Hot Springs,wyoming,0,0,4413.0
Johnson,wyoming,1,2,8445.0
Laramie,wyoming,4,6,99500.0
Lincoln,wyoming,1,3,19830.0
Natrona,wyoming,4,8,79858.0
Niobrara,wyoming,0,0,2356.0
Out of WY,wyoming,0,0,
Park,wyoming,2,3,29194.0
Platte,wyoming,1,2,8393.0
Sheridan,wyoming,4,4,30485.0
Sublette,wyoming,1,1,9831.0
Sweetwater,wyoming,2,2,42343.0
Teton,wyoming,1,1,23464.0
Uinta,wyoming,2,3,20226.0
Unassigned,wyoming,0,10,
Washakie,wyoming,6,7,7805.0
Weston,wyoming,0,0,6927.0
